分類,English,繁體中文譯法,備註
文件附錄已有詞彙,Anonymisation / Anonymization,匿名化,
文件附錄已有詞彙,Archival Resource Key (ARK),資源典藏碼,
文件附錄已有詞彙,Audit Trail,稽核軌跡,
文件附錄已有詞彙,Code of Conduct,行為準則,
文件附錄已有詞彙,Codebook,編碼簿,
文件附錄已有詞彙,Confidentiality,保密性,
文件附錄已有詞彙,Creator,創作者,
文件附錄已有詞彙,Criteria (of Selection),（選用）準則,
文件附錄已有詞彙,Data Authenticity,資料真實性,
文件附錄已有詞彙,Data Curation,資料策展,
文件附錄已有詞彙,Data Discovery,資料探索,
文件附錄已有詞彙,Data Integrity,資料完整性,
文件附錄已有詞彙,Data Management Plan (DMP),資料管理方案,
文件附錄已有詞彙,Data Provenance,資料溯源,
文件附錄已有詞彙,Data Retrieval,資料擷取,
文件附錄已有詞彙,Data Sharing,資料共享,
文件附錄已有詞彙,Data Subject,資料主體,
文件附錄已有詞彙,Database Directive,（歐盟）資料庫指令,
文件附錄已有詞彙,Digital Author Identifier (DAI),數位作者識別碼,
文件附錄已有詞彙,Digital Object Identifier (DOI),數位物件識別碼,
文件附錄已有詞彙,Evaluation Rubric,評量指標,
文件附錄已有詞彙,FAIR (Data) Principle,FAIR（資料）原則,
文件附錄已有詞彙,– Findable,– 可被找到,
文件附錄已有詞彙,– Accessible,– 可被取用,
文件附錄已有詞彙,– Interoperable,– 可相互操作,
文件附錄已有詞彙,– Reuseable,– 可再次使用,
文件附錄已有詞彙,Findable,可被找到,
文件附錄已有詞彙,Accessible,可被取用,
文件附錄已有詞彙,Interoperable,可相互操作,
文件附錄已有詞彙,Reusable / Re-useable,可再次使用,
文件附錄已有詞彙,International Standard Name Identifier (ISNI),國際標準名稱識別碼,
文件附錄已有詞彙,Lab Notebook,實驗室記錄本,
文件附錄已有詞彙,Licence / License,授權（條款）,
文件附錄已有詞彙,Metadata,後設資料,
文件附錄已有詞彙,Open Researcher and Contributor ID (ORCID),開放型研究者與貢獻者識別碼,
文件附錄已有詞彙,Persistent Identifier (PID),持續識別碼,
文件附錄已有詞彙,Protocol,協定,
文件附錄已有詞彙,Pseudonymisation / Pseudonymization,擬匿名化,
文件附錄已有詞彙,(Data) Repository,（資料）儲存庫,
文件附錄已有詞彙,Research Data Management (RDM),研究資料管理,
文件附錄已有詞彙,Reproducibility,可重現性,
文件附錄已有詞彙,Sui Generis Rights,特有權利,
文件附錄已有詞彙,Uniform Resource Name (URN),統一資源名稱,
內文補充常用詞彙,Open Science,開放科學,
內文補充常用詞彙,research data,研究資料,
內文補充常用詞彙,research outputs,研究成果,
內文補充常用詞彙,research project,研究計畫,
內文補充常用詞彙,research lifecycle,研究週期／研究計畫執行週期,
內文補充常用詞彙,project lifecycle,研究計畫週期,
內文補充常用詞彙,development phase,開發階段,
內文補充常用詞彙,implementation,實施／執行,
內文補充常用詞彙,RDM policies,研究資料管理政策,
內文補充常用詞彙,RDM policies and practices,研究資料管理政策與實踐,
內文補充常用詞彙,research funding organisation,研究資助機構,
內文補充常用詞彙,research performing organisation,執行研究的組織,
內文補充常用詞彙,research organisation,研究組織／研究機構,
內文補充常用詞彙,research community,研究社群,
內文補充常用詞彙,stakeholder,研究相關人士／利害關係人,
內文補充常用詞彙,reviewer,審查人員,
內文補充常用詞彙,individual researcher,個別研究人員,
內文補充常用詞彙,guidance,指引,
內文補充常用詞彙,guidance for researchers,給研究人員的指引,
內文補充常用詞彙,guidance for reviewers,給審查人員的指引,
內文補充常用詞彙,guidance for organisations,給機構的指引,
內文補充常用詞彙,core requirements,核心需求,
內文補充常用詞彙,DMP core requirements,DMP 核心需求／資料管理方案的核心需求,
內文補充常用詞彙,DMP template,DMP 範本／資料管理方案範本,
內文補充常用詞彙,DMP evaluation rubric,DMP 評量指標／資料管理方案的評量指標,
內文補充常用詞彙,evaluation and feedback,評估和回饋,
內文補充常用詞彙,performance levels,表現等級,
內文補充常用詞彙,Sufficiently Addressed,已充分陳述,
內文補充常用詞彙,Insufficiently Addressed,未充分陳述,
內文補充常用詞彙,checklist,檢查清單,
內文補充常用詞彙,ready-made tool,現成的工具,
內文補充常用詞彙,living document,活的文件,
內文補充常用詞彙,minimum requirements,最基本的要求／最低標準,
內文補充常用詞彙,minimum criteria,最低準則,
內文補充常用詞彙,selection criteria,選用準則,
內文補充常用詞彙,trustworthy repository,可信賴的資料儲存庫,
內文補充常用詞彙,trusted repository,可信賴的儲存庫,
內文補充常用詞彙,certified repository,經過驗證的資料儲存庫,
內文補充常用詞彙,certification body,認證機構／驗證單位,
內文補充常用詞彙,acknowledged certification body,公認的認證機構／驗證單位,
內文補充常用詞彙,discipline-specific repository,特定學科的資料儲存庫,
內文補充常用詞彙,general registry,註冊名錄,
內文補充常用詞彙,data repository,資料儲存庫,
內文補充常用詞彙,archive,典藏庫／檔案庫,
內文補充常用詞彙,catalogue,編目／資料集編目,
內文補充常用詞彙,registry,註冊單位／登錄冊,
內文補充常用詞彙,data catalogue,資料目錄,
內文補充常用詞彙,repository charges,資料儲存庫費用,
內文補充常用詞彙,repository policy,資料儲存庫政策,
內文補充常用詞彙,repository procedures,資料儲存庫程序,
內文補充常用詞彙,repository standards,資料儲存庫標準,
DMP 問題與資料描述常用語,data description,資料的描述,
DMP 問題與資料描述常用語,data collection,資料蒐集,
DMP 問題與資料描述常用語,re-use of existing data,既有資料的再次使用,
DMP 問題與資料描述常用語,existing data,既有資料,
DMP 問題與資料描述常用語,existing data sources,既存資料來源,
DMP 問題與資料描述常用語,new data,新資料,
DMP 問題與資料描述常用語,collected or produced,蒐集或產生,
DMP 問題與資料描述常用語,data sources,資料來源,
DMP 問題與資料描述常用語,methodology / methodologies,方法／方法學,
DMP 問題與資料描述常用語,software,軟體,
DMP 問題與資料描述常用語,constraints,限制,
DMP 問題與資料描述常用語,terms of use,使用條款,
DMP 問題與資料描述常用語,data type / kind of data,資料類型／資料種類,
DMP 問題與資料描述常用語,data format,資料格式,
DMP 問題與資料描述常用語,filename extension,檔案副檔名,
DMP 問題與資料描述常用語,open formats,開放檔案格式,
DMP 問題與資料描述常用語,standard formats,標準檔案格式,
DMP 問題與資料描述常用語,preferred formats,偏好格式,
DMP 問題與資料描述常用語,data volume,資料量,
DMP 問題與資料描述常用語,storage space,儲存空間,
DMP 問題與資料描述常用語,bytes,位元組,
DMP 問題與資料描述常用語,objects,件數／物件數,
DMP 問題與資料描述常用語,files,檔案數,
DMP 問題與資料描述常用語,rows and columns,行數、列數,
DMP 問題與資料描述常用語,numeric data,數值資料,
DMP 問題與資料描述常用語,textual data,文本資料,
DMP 問題與資料描述常用語,image,圖像,
DMP 問題與資料描述常用語,audio,音訊,
DMP 問題與資料描述常用語,video,影片,
DMP 問題與資料描述常用語,mixed media,混合媒體,
DMP 問題與資料描述常用語,derived information,衍生資訊,
DMP 問題與資料描述常用語,output data,輸出資料,
DMP 問題與資料描述常用語,processed data,處理後資料,
DMP 問題與資料描述常用語,analysed data,經過分析的資料,
DMP 問題與資料描述常用語,data conversion strategy,資料轉換策略,
後設資料、文件與品質,documentation,文件,
後設資料、文件與品質,metadata standards,後設資料標準,
後設資料、文件與品質,community metadata standards,研究社群共同依循的後設資料標準,
後設資料、文件與品質,community standards,社群標準,
後設資料、文件與品質,best practices,最佳實務,
後設資料、文件與品質,conventions,慣習／規則,
後設資料、文件與品質,naming conventions,命名規則,
後設資料、文件與品質,version control,版本控制,
後設資料、文件與品質,version control strategy,版本控制策略,
後設資料、文件與品質,folder structures,資料夾結構,
後設資料、文件與品質,file headers,檔案標頭,
後設資料、文件與品質,readme text file,readme 文字檔,
後設資料、文件與品質,database,資料庫,
後設資料、文件與品質,methodology of data collection,資料蒐集方法,
後設資料、文件與品質,analytical information,分析資訊,
後設資料、文件與品質,procedural information,流程資訊,
後設資料、文件與品質,definitions of variables,變數的定義,
後設資料、文件與品質,units of measurement,度量單位,
後設資料、文件與品質,data quality,資料品質,
後設資料、文件與品質,data quality control measures,資料品質管控措施,
後設資料、文件與品質,quality control,品質管控,
後設資料、文件與品質,consistency,一致性,
後設資料、文件與品質,calibration,校準,
後設資料、文件與品質,repeated samples,重複蒐集樣本,
後設資料、文件與品質,repeated measurements,重複測量,
後設資料、文件與品質,standardised data capture,標準化的資料擷取,
後設資料、文件與品質,data entry validation,資料驗證,
後設資料、文件與品質,peer review of data,資料的同儕評審,
後設資料、文件與品質,controlled vocabularies,控制詞彙,
後設資料、文件與品質,machine-retrievable,機器可擷取,
後設資料、文件與品質,machine-readable,機器可讀,
後設資料、文件與品質,structured way,結構化的方式,
後設資料、文件與品質,specific fields,固定欄位,
儲存、備份、安全與敏感資料,storage,儲存,
儲存、備份、安全與敏感資料,backup,備份,
儲存、備份、安全與敏感資料,stored and backed up,儲存並建立備份,
儲存、備份、安全與敏感資料,research process,研究過程,
儲存、備份、安全與敏感資料,research activities,研究活動,
儲存、備份、安全與敏感資料,automatic backup,自動備份,
儲存、備份、安全與敏感資料,"robust, managed storage",運作穩固而且有管理人員掌管的託管儲存空間,
儲存、備份、安全與敏感資料,IT support services,資訊支援服務,
儲存、備份、安全與敏感資料,home institution,原屬機構／原屬單位,
儲存、備份、安全與敏感資料,stand-alone hard drives,獨立硬碟,
儲存、備份、安全與敏感資料,external storage devices,外部儲存設備,
儲存、備份、安全與敏感資料,USB sticks,隨身碟,
儲存、備份、安全與敏感資料,data security,資料安全,
儲存、備份、安全與敏感資料,data protection,資料保護,
儲存、備份、安全與敏感資料,sensitive data,敏感資料,
儲存、備份、安全與敏感資料,personal data,個人資料,
儲存、備份、安全與敏感資料,politically sensitive information,政治敏感資訊,
儲存、備份、安全與敏感資料,trade secrets,商業秘密,
儲存、備份、安全與敏感資料,incident,意外,
儲存、備份、安全與敏感資料,data recovery,資料復原,
儲存、備份、安全與敏感資料,access control,取用管控,
儲存、備份、安全與敏感資料,access to data,取用資料,
儲存、備份、安全與敏感資料,controlled access,受管控的取用,
儲存、備份、安全與敏感資料,authorised users,已授權使用者,
儲存、備份、安全與敏感資料,managed access procedure,取用管理程序,
儲存、備份、安全與敏感資料,risk management,風險管理,
儲存、備份、安全與敏感資料,physical security,物理安全,
儲存、備份、安全與敏感資料,network security,網路安全,
儲存、備份、安全與敏感資料,computer systems and files,電腦系統和文件,
儲存、備份、安全與敏感資料,institutional data protection policies,機構資料保護政策,
法律、倫理與授權,legal requirements,法律要求,
法律、倫理與授權,ethical requirements,倫理要求,
法律、倫理與授權,ethical issues,倫理議題,
法律、倫理與授權,ethical guidelines,倫理準則,
法律、倫理與授權,institutional ethical guidelines,機構倫理準則,
法律、倫理與授權,ethical review,倫理審查,
法律、倫理與授權,ethics committee,倫理委員會,
法律、倫理與授權,informed consent,知情同意,
法律、倫理與授權,encryption,加密,
法律、倫理與授權,encryption key,加密金鑰,
法律、倫理與授權,trusted third party,信任的第三方,
法律、倫理與授權,compliance,法規遵循,
法律、倫理與授權,legislation,法規,
法律、倫理與授權,applicable legislation,適用的法規,
法律、倫理與授權,General Data Protection Regulation (GDPR),歐盟《個人資料保護規則》,
法律、倫理與授權,intellectual property rights (IPR),智慧財產權,
法律、倫理與授權,ownership,所有權,
法律、倫理與授權,data owner,資料擁有者,
法律、倫理與授權,rights to control access,控制取用權限的權利,
法律、倫理與授權,access conditions,取用條件,
法律、倫理與授權,openly accessible,可公開取用,
法律、倫理與授權,access restrictions,取用限制,
法律、倫理與授權,data access license,資料取用授權條款,
法律、倫理與授權,data re-use license,資料再次使用授權條款,
法律、倫理與授權,data access and re-use licenses,資料取用和再次使用的授權條款,
法律、倫理與授權,consortium agreement,聯盟協議書,
法律、倫理與授權,multi-partner project,多方合作計畫,
法律、倫理與授權,multiple data owners,多位資料擁有者,
法律、倫理與授權,third-party data,第三方資料,
法律、倫理與授權,restrictions on re-use,再次使用上的限制,
法律、倫理與授權,data usage license,資料使用授權條款,
法律、倫理與授權,licensing and permissions,授權及許可,
法律、倫理與授權,Creative Commons,創用 CC 授權,
法律、倫理與授權,rights of data subjects and creators,資料當事人及創作者的權利,
法律、倫理與授權,authentication,身分驗證,
法律、倫理與授權,authorisation / authorization,授權,
共享、保存、寄存與取用,long-term preservation,長期保存,
共享、保存、寄存與取用,data preservation,資料保存,
共享、保存、寄存與取用,preservation policy,保存政策,
共享、保存、寄存與取用,preservation plan,保存方案,
共享、保存、寄存與取用,retention period,資料保存期限／保存期限,
共享、保存、寄存與取用,continuity plan,營運維持方案,
共享、保存、寄存與取用,contingency plan,應變計畫,
共享、保存、寄存與取用,financial sustainability,財務永續性,
共享、保存、寄存與取用,governance,治理,
共享、保存、寄存與取用,mission and scope,任務和範圍,
共享、保存、寄存與取用,deposit,寄存／存放,
共享、保存、寄存與取用,data deposit,資料寄存,
共享、保存、寄存與取用,deposited in a repository,存放於資料儲存庫,
共享、保存、寄存與取用,make data discoverable,讓資料可被找到／可供發現,
共享、保存、寄存與取用,data requests,資料使用請求,
共享、保存、寄存與取用,direct handling of data requests,直接處理資料使用請求,
共享、保存、寄存與取用,secure data service,高安全性的資料服務,
共享、保存、寄存與取用,data sharing agreement,資料共享協議,
共享、保存、寄存與取用,embargo,延後開放期限,
共享、保存、寄存與取用,embargo reasons,延後開放的理由,
共享、保存、寄存與取用,timely release,及時發佈／預期發佈時間,
共享、保存、寄存與取用,exclusive use,專屬使用,
共享、保存、寄存與取用,access protocol,取用協定,
共享、保存、寄存與取用,access request procedure,資料取用請求程序,
共享、保存、寄存與取用,potential users,潛在使用者,
共享、保存、寄存與取用,sustainable management,永續管理,
共享、保存、寄存與取用,beyond the lifetime of the grant,計畫經費到期後／補助結束後,
共享、保存、寄存與取用,retained,保留,
共享、保存、寄存與取用,destroyed,銷毀,
共享、保存、寄存與取用,contractual purposes,契約目的,
共享、保存、寄存與取用,legal purposes,法律目的,
共享、保存、寄存與取用,regulatory purposes,法規目的／監理目的,
共享、保存、寄存與取用,foreseeable research uses,可預見的研究用途,
共享、保存、寄存與取用,archived,長期典藏／歸檔,
共享、保存、寄存與取用,data archiving,資料典藏／資料歸檔,
共享、保存、寄存與取用,continued availability,持續可用,
共享、保存、寄存與取用,entrusted data,受託資料,
共享、保存、寄存與取用,extraction and transfer,提取與轉移,
識別碼、引用與版本,Persistent and Unique Identifiers,持續及唯一的識別碼,
識別碼、引用與版本,unique and persistent identifier,具唯一性及持續性的識別碼,
識別碼、引用與版本,globally unique identifier,全域唯一識別碼,
識別碼、引用與版本,eternally persistent identifier,永久持續的識別碼,
識別碼、引用與版本,application of a PID,編配 PID／編配持續識別碼,
識別碼、引用與版本,assign PIDs,編配 PIDs,
識別碼、引用與版本,local identifier,本地識別碼,
識別碼、引用與版本,administrative number,管理編號,
識別碼、引用與版本,data set / dataset,資料集,
識別碼、引用與版本,subset,子集,
識別碼、引用與版本,data versioning,資料版本控制,
識別碼、引用與版本,version of data,資料版本,
識別碼、引用與版本,citing data,引用資料,
識別碼、引用與版本,track citations and re-use,追蹤資料被引用和再次使用的記錄,
識別碼、引用與版本,referred to,被參照,
識別碼、引用與版本,related relevant information,相關聯的資訊,
識別碼、引用與版本,associated information,相關資訊,
識別碼、引用與版本,scientific relation,科學關聯,
識別碼、引用與版本,provenance to be traced,追蹤來源出處,
識別碼、引用與版本,research record,研究紀錄,
識別碼、引用與版本,retracted data,被撤回的資料,
識別碼、引用與版本,deleted data,已刪除的資料,
識別碼、引用與版本,protected data,受保護的資料,
識別碼、引用與版本,non-published data,尚未出版的資料,
資料管理角色與資源,data management responsibilities,資料管理的責任,
資料管理角色與資源,resources,資源,
資料管理角色與資源,financial resources,經費資源,
資料管理角色與資源,time resources,時間資源,
資料管理角色與資源,data steward,資料託管員,這個我想翻成資料管家
資料管理角色與資源,data stewardship,資料託管,
資料管理角色與資源,management and stewardship,管理與託管,
資料管理角色與資源,roles and responsibilities,角色和職責,
資料管理角色與資源,data capture,資料擷取,
資料管理角色與資源,metadata production,後設資料產出,
資料管理角色與資源,storage and backup,儲存和備份,
資料管理角色與資源,day-to-day implementation,日常實施,
資料管理角色與資源,adjustment to the DMP,DMP 的調整,
資料管理角色與資源,revise / revised,修訂,
資料管理角色與資源,reviewed,評核／審查,
資料管理角色與資源,collaborative project,多方協作計畫,
資料管理角色與資源,partners,合作夥伴,
資料管理角色與資源,co-ordination,協調,
資料管理角色與資源,staff time,人力時間,
資料管理角色與資源,hardware,硬體設備,
資料管理角色與資源,storage costs,儲存成本,
資料管理角色與資源,costs of preparing data for deposit,準備資料寄存的成本,
資料管理角色與資源,costed in,納入成本估算,
資料管理角色與資源,costs will be covered,支應成本／支應開支,
資料管理角色與資源,additional resources,額外資源,
固定句型與翻譯風格,How will … be ensured?,如何確保……？,
固定句型與翻譯風格,How and when will data be shared?,資料該在何時、以何種方式共享？,
固定句型與翻譯風格,What … will be used?,將使用哪些……？,
固定句型與翻譯風格,Indicate whether …,請說明是否……／指明是否……,
固定句型與翻譯風格,Explain how …,請說明如何……,
固定句型與翻譯風格,Describe where …,描述……位於何處／在哪裡……,
固定句型與翻譯風格,Consider whether …,請考量是否……,
固定句型與翻譯風格,If applicable,如適用／若適用,
固定句型與翻譯風格,where possible,若可能／盡可能,
固定句型與翻譯風格,for example,例如,
固定句型與翻譯風格,such as,如／例如,
固定句型與翻譯風格,should,應／應該,
固定句型與翻譯風格,must,必須／需,
固定句型與翻譯風格,may,可／可能,
固定句型與翻譯風格,can be,可被……,
固定句型與翻譯風格,will be,將被……／將會……,
固定句型與翻譯風格,in place,已有／現行的,
固定句型與翻譯風格,where appropriate,在適用的場域中／視情況,
固定句型與翻譯風格,"as open as possible, as closed as necessary",盡可能都開放，視需要再保留,
TBX 匯入詞彙,integration,整合,
TBX 匯入詞彙,answer,回答,
TBX 匯入詞彙,choice,選項,
TBX 匯入詞彙,reference,參考來源,
TBX 匯入詞彙,resource collection,資源匯集,
TBX 匯入詞彙,resource page,資源頁面,
TBX 匯入詞彙,text,內文,translator: 或「文字」
TBX 匯入詞彙,string,字串,
TBX 匯入詞彙,number,數字,
TBX 匯入詞彙,date,日期,
TBX 匯入詞彙,date time,日期時間,
TBX 匯入詞彙,time,時間,
TBX 匯入詞彙,email,電子郵件,
TBX 匯入詞彙,URL,網址,
TBX 匯入詞彙,color,顏色,
TBX 匯入詞彙,integration configuration,整合組態,
TBX 匯入詞彙,publish,發布,
TBX 匯入詞彙,link,連結,
TBX 匯入詞彙,secrets,密鑰,
TBX 匯入詞彙,comment,留言,
TBX 匯入詞彙,DMP,資料管理方案,
TBX 匯入詞彙,request body,請求主體,
TBX 匯入詞彙,headers,標頭,translator: 指稱 HTTP headers 時；MDN
TBX 匯入詞彙,widget,小工具,
TBX 匯入詞彙,editor,編輯器,
TBX 匯入詞彙,logo,標誌,
TBX 匯入詞彙,label,名稱,translator: 用於如 DSW Answer 答項
TBX 匯入詞彙,token,權杖,
TBX 匯入詞彙,API call,API 呼叫,
TBX 匯入詞彙,follow-up questions,跟進式提問,translator: 或是「延伸問題」？
TBX 匯入詞彙,Heads Up!,請注意！,
TBX 匯入詞彙,instance,實例,
TBX 匯入詞彙,alphanumeric,英數字元,
TBX 匯入詞彙,project template,專案模版,
TBX 匯入詞彙,migration,移轉,
TBX 匯入詞彙,organization,組織,
TBX 匯入詞彙,regex,正規表示式,
TBX 匯入詞彙,domain,網域,
TBX 匯入詞彙,entity,實體,
TBX 匯入詞彙,profile,個人資料,
TBX 匯入詞彙,username,使用者名稱,
TBX 匯入詞彙,role,角色,
TBX 匯入詞彙,package,資料包,
TBX 匯入詞彙,menu,選單,
TBX 匯入詞彙,affiliation,所屬機構,
TBX 匯入詞彙,variable,變項,
TBX 匯入詞彙,field,欄位,
TBX 匯入詞彙,list,列表,
TBX 匯入詞彙,click,點擊,
TBX 匯入詞彙,recover,復原,
TBX 匯入詞彙,knowledge model,知識模型,
TBX 匯入詞彙,tag,標籤,
TBX 匯入詞彙,repository,儲存庫,
TBX 匯入詞彙,annotation,註解,
TBX 匯入詞彙,root element,根元素,
TBX 匯入詞彙,document template,文件模板,
TBX 匯入詞彙,question,問題,
TBX 匯入詞彙,metric,指標,
TBX 匯入詞彙,chapter,章節,
TBX 匯入詞彙,questionnaire,問卷,
TBX 匯入詞彙,project,專案,
TBX 匯入詞彙,phase,階段,
TBX 匯入詞彙,multipart,多部分的,translator: uncertain
TBX 匯入詞彙,locale,語系,
TBX 匯入詞彙,permission,權限,
TBX 匯入詞彙,modal,對話框,
TBX 匯入詞彙,syntax highlight,語法突顯,
TBX 匯入詞彙,deprecated,不適用,
TBX 匯入詞彙,collaborate,協作,
TBX 匯入詞彙,Navigation,導覽,
TBX 匯入詞彙,session,階段,
TBX 匯入詞彙,active,使用中的,
TBX 匯入詞彙,metamodel,後設模型,
TBX 匯入詞彙,item select,選擇項目,
TBX 匯入詞彙,Value,值,
